,Phenotype_C,Phenotype_C,Phenotype_C,Phenotype_C,Phenotype_C,Phenotype_C,Phenotype_C,Phenotype_C
,count,mean,std,min,25%,50%,75%,max
label,,,,,,,,
case,248988.0,0.41118334132364137,0.9806488846646912,-3.4420066563866927,-0.2490125738887855,0.4095243644478421,1.0735154686938881,5.2730638447677896
control,248972.0,0.2901595300037919,0.9795980312160275,-4.148982463956298,-0.3696157970177352,0.2885809670600173,0.9510595956072573,5.0643734569054315
